ASRock Core 100HT.jpg	http://tropicalwikis.com/static/images/wikis/alonbl/3/39/ASRock_Core_100HT.jpg	Alonbl
ATT USB GSM Modem.jpg	http://tropicalwikis.com/static/images/wikis/alonbl/6/6d/ATT_USB_GSM_Modem.jpg	Alonbl
Alonbl.jpg	http://tropicalwikis.com/static/images/wikis/alonbl/1/16/Alonbl.jpg	Alonbl
Bibletime Hebrew Genesis.jpg	http://tropicalwikis.com/static/images/wikis/alonbl/c/ce/Bibletime_Hebrew_Genesis.jpg	Alonbl
Firefox Hebrew Genesis.jpg	http://tropicalwikis.com/static/images/wikis/alonbl/9/9b/Firefox_Hebrew_Genesis.jpg	Alonbl
Koribo Irad.png	http://tropicalwikis.com/static/images/wikis/alonbl/d/d5/Koribo_Irad.png	Alonbl
Libreoffice Hebrew.jpg	http://tropicalwikis.com/static/images/wikis/alonbl/4/4b/Libreoffice_Hebrew.jpg	Alonbl
Nano Bluetooth USB Adapter.jpg	http://tropicalwikis.com/static/images/wikis/alonbl/2/2e/Nano_Bluetooth_USB_Adapter.jpg	Alonbl
RSA SecurID SID800.png	http://tropicalwikis.com/static/images/wikis/alonbl/1/15/RSA_SecurID_SID800.png	Alonbl
Seagate BlackArmor 110.png	http://tropicalwikis.com/static/images/wikis/alonbl/c/cd/Seagate_BlackArmor_110.png	Alonbl
Sony DualShock3 SixAxis.png	http://tropicalwikis.com/static/images/wikis/alonbl/0/00/Sony_DualShock3_SixAxis.png	Alonbl
USB SATA JM20337.jpg	http://tropicalwikis.com/static/images/wikis/alonbl/c/c2/USB_SATA_JM20337.jpg	Alonbl
USB SATA SPIF225A.jpg	http://tropicalwikis.com/static/images/wikis/alonbl/7/70/USB_SATA_SPIF225A.jpg	Alonbl
ZTE USB GSM Modem.jpg	http://tropicalwikis.com/static/images/wikis/alonbl/5/55/ZTE_USB_GSM_Modem.jpg	Alonbl
--END--